num;desc;char;urlencode;htmlentities;linethrough;underline;slashtrough;monospace;sans_bold;sans_italic;sans_bold_italic;serif;serif_italic;serif_bold;serif_bold_italic;script;script_bold
32;Space; ;%20;"&#32;";Ì¶ Ì¶;Ì² Ì²;Ì· Ì·; ; ; ; ; ; ; ; ; ; 
33;Exclamation mark;!;%21;!;Ì¶!Ì¶;Ì²!Ì²;Ì·!Ì·;!;!;!;!;!;!;!;!;!;!
34;Quotation mark/Double quote;"""";%22;"&quot;";"Ì¶""Ì¶";"Ì²""Ì²";"Ì·""Ì·";"""";"""";"""";"""";"""";"""";"""";"""";"""";""""
35;Number sign;#;%23;#;Ì¶#Ì¶;Ì²#Ì²;Ì·#Ì·;#;#;#;#;#;#;#;#;#;#
36;Dollar sign;$;%24;"&dollar;";Ì¶$Ì¶;Ì²$Ì²;Ì·$Ì·;$;$;$;$;$;$;$;$;$;$
37;Percent sign;%;%25;"&percnt;";Ì¶%Ì¶;Ì²%Ì²;Ì·%Ì·;%;%;%;%;%;%;%;%;%;%
38;Ampersand;&;%26;"&amp;";Ì¶&Ì¶;Ì²&Ì²;Ì·&Ì·;&;&;&;&;&;&;&;&;&;&
39;Apostrophe/Single quote;'''''''';%27;"&apos;&apos;";Ì¶''''Ì¶''''Ì¶;Ì²''''Ì²''''Ì²;Ì·''''Ì·''''Ì·;'''''''';'''''''';'''''''';'''''''';'''''''';'''''''';'''''''';'''''''';'''''''';''''''''
40;Left parenthesis;(;%28;(;Ì¶(Ì¶;Ì²(Ì²;Ì·(Ì·;(;(;(;(;(;(;(;(;(;(
41;Right parenthesis;);%29;);Ì¶)Ì¶;Ì²)Ì²;Ì·)Ì·;);););););););););)
42;Asterisk;*;%2A;*;Ì¶*Ì¶;Ì²*Ì²;Ì·*Ì·;*;*;*;*;*;*;*;*;*;*
43;Plus sign;+;%2B;"&plus;";Ì¶+Ì¶;Ì²+Ì²;Ì·+Ì·;+;+;+;+;+;+;+;+;+;+
44;Comma;,;%2C;"&comma;";Ì¶,Ì¶;Ì²,Ì²;Ì·,Ì·;,;,;,;,;,;,;,;,;,;,
45;Hyphen/Minus;-;%2D;-;Ì¶-Ì¶;Ì²-Ì²;Ì·-Ì·;-;-;-;-;-;-;-;-;-;-
46;Full stop/Period;.;%2E;.;Ì¶.Ì¶;Ì².Ì²;Ì·.Ì·;.;.;.;.;.;.;.;.;.;.
47;Solidus/Slash;/;%2F;/;Ì¶/Ì¶;Ì²/Ì²;Ì·/Ì·;/;/;/;/;/;/;/;/;/;/
48;Digit zero;0;0;0;Ì¶0Ì¶;Ì²0Ì²;Ì·0Ì·;ğŸ¶;ğŸ¬;0;0;0;0;ğŸ;0;0;0
49;Digit one;1;1;1;Ì¶1Ì¶;Ì²1Ì²;Ì·1Ì·;ğŸ·;ğŸ­;1;1;1;1;ğŸ;1;1;1
50;Digit two;2;2;2;Ì¶2Ì¶;Ì²2Ì²;Ì·2Ì·;ğŸ¸;ğŸ®;2;2;2;2;ğŸ;2;2;2
51;Digit three;3;3;3;Ì¶3Ì¶;Ì²3Ì²;Ì·3Ì·;ğŸ¹;ğŸ¯;3;3;3;3;ğŸ‘;3;3;3
52;Digit four;4;4;4;Ì¶4Ì¶;Ì²4Ì²;Ì·4Ì·;ğŸº;ğŸ°;4;4;4;4;ğŸ’;4;4;4
53;Digit five;5;5;5;Ì¶5Ì¶;Ì²5Ì²;Ì·5Ì·;ğŸ»;ğŸ±;5;5;5;5;ğŸ“;5;5;5
54;Digit six;6;6;6;Ì¶6Ì¶;Ì²6Ì²;Ì·6Ì·;ğŸ¼;ğŸ²;6;6;6;6;ğŸ”;6;6;6
55;Digit seven;7;7;7;Ì¶7Ì¶;Ì²7Ì²;Ì·7Ì·;ğŸ½;ğŸ³;7;7;7;7;ğŸ•;7;7;7
56;Digit eight;8;8;8;Ì¶8Ì¶;Ì²8Ì²;Ì·8Ì·;ğŸ¾;ğŸ´;8;8;8;8;ğŸ–;8;8;8
57;Digit nine;9;9;9;Ì¶9Ì¶;Ì²9Ì²;Ì·9Ì·;ğŸ¿;ğŸµ;9;9;9;9;ğŸ—;9;9;9
58;Colon;:;%3A;:;Ì¶:Ì¶;Ì²:Ì²;Ì·:Ì·;:;:;:;:;:;:;:;:;:;:
59;Semicolon;";";%3B;";";"Ì¶;Ì¶";"Ì²;Ì²";"Ì·;Ì·";";";";";";";";";";";";";";";";";";";";"
60;Less-than sign;<;%3C;"&lt;";Ì¶<Ì¶;Ì²<Ì²;Ì·<Ì·;<;<;<;<;<;<;<;<;<;<
61;Equal/Equality sign;=;%3D;=;Ì¶=Ì¶;Ì²=Ì²;Ì·=Ì·;=;=;=;=;=;=;=;=;=;=
62;Greater-than sign;>;%3E;"&gt;";Ì¶>Ì¶;Ì²>Ì²;Ì·>Ì·;>;>;>;>;>;>;>;>;>;>
63;Question mark;?;%3F;?;Ì¶?Ì¶;Ì²?Ì²;Ì·?Ì·;?;?;?;?;?;?;?;?;?;?
64;Commercial at/At sign;@;%40;@;Ì¶@Ì¶;Ì²@Ì²;Ì·@Ì·;@;@;@;@;@;@;@;@;@;@
65;Latin capital letter A;A;A;A;Ì¶AÌ¶;Ì²AÌ²;Ì·AÌ·;ğ™°;ğ—”;ğ˜ˆ;ğ˜¼;A;ğ´;ğ€;ğ‘¨;ğ’œ;ğ“
66;Latin capital letter B;B;B;B;Ì¶BÌ¶;Ì²BÌ²;Ì·BÌ·;ğ™±;ğ—•;ğ˜‰;ğ˜½;B;ğµ;ğ;ğ‘©;â„¬;ğ“‘
67;Latin capital letter C;C;C;C;Ì¶CÌ¶;Ì²CÌ²;Ì·CÌ·;ğ™²;ğ—–;ğ˜Š;ğ˜¾;C;ğ¶;ğ‚;ğ‘ª;ğ’;ğ“’
68;Latin capital letter D;D;D;D;Ì¶DÌ¶;Ì²DÌ²;Ì·DÌ·;ğ™³;ğ——;ğ˜‹;ğ˜¿;D;ğ·;ğƒ;ğ‘«;ğ’Ÿ;ğ““
69;Latin capital letter E;E;E;E;Ì¶EÌ¶;Ì²EÌ²;Ì·EÌ·;ğ™´;ğ—˜;ğ˜Œ;ğ™€;E;ğ¸;ğ„;ğ‘¬;â„°;ğ“”
70;Latin capital letter F;F;F;F;Ì¶FÌ¶;Ì²FÌ²;Ì·FÌ·;ğ™µ;ğ—™;ğ˜;ğ™;F;ğ¹;ğ…;ğ‘­;â„±;ğ“•
71;Latin capital letter G;G;G;G;Ì¶GÌ¶;Ì²GÌ²;Ì·GÌ·;ğ™¶;ğ—š;ğ˜;ğ™‚;G;ğº;ğ†;ğ‘®;ğ’¢;ğ“–
72;Latin capital letter H;H;H;H;Ì¶HÌ¶;Ì²HÌ²;Ì·HÌ·;ğ™·;ğ—›;ğ˜;ğ™ƒ;H;ğ»;ğ‡;ğ‘¯;â„‹;ğ“—
73;Latin capital letter I;I;I;I;Ì¶IÌ¶;Ì²IÌ²;Ì·IÌ·;ğ™¸;ğ—œ;ğ˜;ğ™„;I;ğ¼;ğˆ;ğ‘°;â„;ğ“˜
74;Latin capital letter J;J;J;J;Ì¶JÌ¶;Ì²JÌ²;Ì·JÌ·;ğ™¹;ğ—;ğ˜‘;ğ™…;J;ğ½;ğ‰;ğ‘±;ğ’¥;ğ“™
75;Latin capital letter K;K;K;K;Ì¶KÌ¶;Ì²KÌ²;Ì·KÌ·;ğ™º;ğ—;ğ˜’;ğ™†;K;ğ¾;ğŠ;ğ‘²;ğ’¦;ğ“š
76;Latin capital letter L;L;L;L;Ì¶LÌ¶;Ì²LÌ²;Ì·LÌ·;ğ™»;ğ—Ÿ;ğ˜“;ğ™‡;L;ğ¿;ğ‹;ğ‘³;â„’;ğ“›
77;Latin capital letter M;M;M;M;Ì¶MÌ¶;Ì²MÌ²;Ì·MÌ·;ğ™¼;ğ— ;ğ˜”;ğ™ˆ;M;ğ‘€;ğŒ;ğ‘´;â„³;ğ“œ
78;Latin capital letter N;N;N;N;Ì¶NÌ¶;Ì²NÌ²;Ì·NÌ·;ğ™½;ğ—¡;ğ˜•;ğ™‰;N;ğ‘;ğ;ğ‘µ;ğ’©;ğ“
79;Latin capital letter O;O;O;O;Ì¶OÌ¶;Ì²OÌ²;Ì·OÌ·;ğ™¾;ğ—¢;ğ˜–;ğ™Š;O;ğ‘‚;ğ;ğ‘¶;ğ’ª;ğ“
80;Latin capital letter P;P;P;P;Ì¶PÌ¶;Ì²PÌ²;Ì·PÌ·;ğ™¿;ğ—£;ğ˜—;ğ™‹;P;ğ‘ƒ;ğ;ğ‘·;ğ’«;ğ“Ÿ
81;Latin capital letter Q;Q;Q;Q;Ì¶QÌ¶;Ì²QÌ²;Ì·QÌ·;ğš€;ğ—¤;ğ˜˜;ğ™Œ;Q;ğ‘„;ğ;ğ‘¸;ğ’¬;ğ“ 
82;Latin capital letter R;R;R;R;Ì¶RÌ¶;Ì²RÌ²;Ì·RÌ·;ğš;ğ—¥;ğ˜™;ğ™;R;ğ‘…;ğ‘;ğ‘¹;â„›;ğ“¡
83;Latin capital letter S;S;S;S;Ì¶SÌ¶;Ì²SÌ²;Ì·SÌ·;ğš‚;ğ—¦;ğ˜š;ğ™;S;ğ‘†;ğ’;ğ‘º;ğ’®;ğ“¢
84;Latin capital letter T;T;T;T;Ì¶TÌ¶;Ì²TÌ²;Ì·TÌ·;ğšƒ;ğ—§;ğ˜›;ğ™;T;ğ‘‡;ğ“;ğ‘»;ğ’¯;ğ“£
85;Latin capital letter U;U;U;U;Ì¶UÌ¶;Ì²UÌ²;Ì·UÌ·;ğš„;ğ—¨;ğ˜œ;ğ™;U;ğ‘ˆ;ğ”;ğ‘¼;ğ’°;ğ“¤
86;Latin capital letter V;V;V;V;Ì¶VÌ¶;Ì²VÌ²;Ì·VÌ·;ğš…;ğ—©;ğ˜;ğ™‘;V;ğ‘‰;ğ•;ğ‘½;ğ’±;ğ“¥
87;Latin capital letter W;W;W;W;Ì¶WÌ¶;Ì²WÌ²;Ì·WÌ·;ğš†;ğ—ª;ğ˜;ğ™’;W;ğ‘Š;ğ–;ğ‘¾;ğ’²;ğ“¦
88;Latin capital letter X;X;X;X;Ì¶XÌ¶;Ì²XÌ²;Ì·XÌ·;ğš‡;ğ—«;ğ˜Ÿ;ğ™“;X;ğ‘‹;ğ—;ğ‘¿;ğ’³;ğ“§
89;Latin capital letter Y;Y;Y;Y;Ì¶YÌ¶;Ì²YÌ²;Ì·YÌ·;ğšˆ;ğ—¬;ğ˜ ;ğ™”;Y;ğ‘Œ;ğ˜;ğ’€;ğ’´;ğ“¨
90;Latin capital letter Z;Z;Z;Z;Ì¶ZÌ¶;Ì²ZÌ²;Ì·ZÌ·;ğš‰;ğ—­;ğ˜¡;ğ™•;Z;ğ‘;ğ™;ğ’;ğ’µ;ğ“©
91;Left square bracket;[;%5B;[;Ì¶[Ì¶;Ì²[Ì²;Ì·[Ì·;[;[;[;[;[;[;[;[;[;[
92;Reverse solidus/Backslash;\;%5C;\;Ì¶\Ì¶;Ì²\Ì²;Ì·\Ì·;\;\;\;\;\;\;\;\;\;\
93;Right square bracket;];%5D;];Ì¶]Ì¶;Ì²]Ì²;Ì·]Ì·;];];];];];];];];];]
94;Circumflex accent/Caret;^;%5E;^;Ì¶^Ì¶;Ì²^Ì²;Ì·^Ì·;^;^;^;^;^;^;^;^;^;^
95;Underscore/Low line;_;%5F;_;Ì¶_Ì¶;Ì²_Ì²;Ì·_Ì·;_;_;_;_;_;_;_;_;_;_
96;Grave accent;`;%60;"&grave;";Ì¶`Ì¶;Ì²`Ì²;Ì·`Ì·;`;`;`;`;`;`;`;`;`;`
97;Latin small letter a;a;a;a;Ì¶aÌ¶;Ì²aÌ²;Ì·aÌ·;ğšŠ;ğ—®;ğ˜¢;ğ™–;a;ğ‘;ğš;ğ’‚;ğ’¶;ğ“ª
98;Latin small letter b;b;b;b;Ì¶bÌ¶;Ì²bÌ²;Ì·bÌ·;ğš‹;ğ—¯;ğ˜£;ğ™—;b;ğ‘;ğ›;ğ’ƒ;ğ’·;ğ“«
99;Latin small letter c;c;c;c;Ì¶cÌ¶;Ì²cÌ²;Ì·cÌ·;ğšŒ;ğ—°;ğ˜¤;ğ™˜;c;ğ‘;ğœ;ğ’„;ğ’¸;ğ“¬
100;Latin small letter d;d;d;d;Ì¶dÌ¶;Ì²dÌ²;Ì·dÌ·;ğš;ğ—±;ğ˜¥;ğ™™;d;ğ‘‘;ğ;ğ’…;ğ’¹;ğ“­
101;Latin small letter e;e;e;e;Ì¶eÌ¶;Ì²eÌ²;Ì·eÌ·;ğš;ğ—²;ğ˜¦;ğ™š;e;ğ‘’;ğ;ğ’†;â„¯;ğ“®
102;Latin small letter f;f;f;f;Ì¶fÌ¶;Ì²fÌ²;Ì·fÌ·;ğš;ğ—³;ğ˜§;ğ™›;f;ğ‘“;ğŸ;ğ’‡;ğ’»;ğ“¯
103;Latin small letter g;g;g;g;Ì¶gÌ¶;Ì²gÌ²;Ì·gÌ·;ğš;ğ—´;ğ˜¨;ğ™œ;g;ğ‘”;ğ ;ğ’ˆ;â„Š;ğ“°
104;Latin small letter h;h;h;h;Ì¶hÌ¶;Ì²hÌ²;Ì·hÌ·;ğš‘;ğ—µ;ğ˜©;ğ™;h;â„;ğ¡;ğ’‰;ğ’½;ğ“±
105;Latin small letter i;i;i;i;Ì¶iÌ¶;Ì²iÌ²;Ì·iÌ·;ğš’;ğ—¶;ğ˜ª;ğ™;i;ğ‘–;ğ¢;ğ’Š;ğ’¾;ğ“²
106;Latin small letter j;j;j;j;Ì¶jÌ¶;Ì²jÌ²;Ì·jÌ·;ğš“;ğ—·;ğ˜«;ğ™Ÿ;j;ğ‘—;ğ£;ğ’‹;ğ’¿;ğ“³
107;Latin small letter k;k;k;k;Ì¶kÌ¶;Ì²kÌ²;Ì·kÌ·;ğš”;ğ—¸;ğ˜¬;ğ™ ;k;ğ‘˜;ğ¤;ğ’Œ;ğ“€;ğ“´
108;Latin small letter l;l;l;l;Ì¶lÌ¶;Ì²lÌ²;Ì·lÌ·;ğš•;ğ—¹;ğ˜­;ğ™¡;l;ğ‘™;ğ¥;ğ’;ğ“;ğ“µ
109;Latin small letter m;m;m;m;Ì¶mÌ¶;Ì²mÌ²;Ì·mÌ·;ğš–;ğ—º;ğ˜®;ğ™¢;m;ğ‘š;ğ¦;ğ’;ğ“‚;ğ“¶
110;Latin small letter n;n;n;n;Ì¶nÌ¶;Ì²nÌ²;Ì·nÌ·;ğš—;ğ—»;ğ˜¯;ğ™£;n;ğ‘›;ğ§;ğ’;ğ“ƒ;ğ“·
111;Latin small letter o;o;o;o;Ì¶oÌ¶;Ì²oÌ²;Ì·oÌ·;ğš˜;ğ—¼;ğ˜°;ğ™¤;o;ğ‘œ;ğ¨;ğ’;â„´;ğ“¸
112;Latin small letter p;p;p;p;Ì¶pÌ¶;Ì²pÌ²;Ì·pÌ·;ğš™;ğ—½;ğ˜±;ğ™¥;p;ğ‘;ğ©;ğ’‘;ğ“…;ğ“¹
113;Latin small letter q;q;q;q;Ì¶qÌ¶;Ì²qÌ²;Ì·qÌ·;ğšš;ğ—¾;ğ˜²;ğ™¦;q;ğ‘;ğª;ğ’’;ğ“†;ğ“º
114;Latin small letter r;r;r;r;Ì¶rÌ¶;Ì²rÌ²;Ì·rÌ·;ğš›;ğ—¿;ğ˜³;ğ™§;r;ğ‘Ÿ;ğ«;ğ’“;ğ“‡;ğ“»
115;Latin small letter s;s;s;s;Ì¶sÌ¶;Ì²sÌ²;Ì·sÌ·;ğšœ;ğ˜€;ğ˜´;ğ™¨;s;ğ‘ ;ğ¬;ğ’”;ğ“ˆ;ğ“¼
116;Latin small letter t;t;t;t;Ì¶tÌ¶;Ì²tÌ²;Ì·tÌ·;ğš;ğ˜;ğ˜µ;ğ™©;t;ğ‘¡;ğ­;ğ’•;ğ“‰;ğ“½
117;Latin small letter u;u;u;u;Ì¶uÌ¶;Ì²uÌ²;Ì·uÌ·;ğš;ğ˜‚;ğ˜¶;ğ™ª;u;ğ‘¢;ğ®;ğ’–;ğ“Š;ğ“¾
118;Latin small letter v;v;v;v;Ì¶vÌ¶;Ì²vÌ²;Ì·vÌ·;ğšŸ;ğ˜ƒ;ğ˜·;ğ™«;v;ğ‘£;ğ¯;ğ’—;ğ“‹;ğ“¿
119;Latin small letter w;w;w;w;Ì¶wÌ¶;Ì²wÌ²;Ì·wÌ·;ğš ;ğ˜„;ğ˜¸;ğ™¬;w;ğ‘¤;ğ°;ğ’˜;ğ“Œ;ğ”€
120;Latin small letter x;x;x;x;Ì¶xÌ¶;Ì²xÌ²;Ì·xÌ·;ğš¡;ğ˜…;ğ˜¹;ğ™­;x;ğ‘¥;ğ±;ğ’™;ğ“;ğ”
121;Latin small letter y;y;y;y;Ì¶yÌ¶;Ì²yÌ²;Ì·yÌ·;ğš¢;ğ˜†;ğ˜º;ğ™®;y;ğ‘¦;ğ²;ğ’š;ğ“;ğ”‚
122;Latin small letter z;z;z;z;Ì¶zÌ¶;Ì²zÌ²;Ì·zÌ·;ğš£;ğ˜‡;ğ˜»;ğ™¯;z;ğ‘§;ğ³;ğ’›;ğ“;ğ”ƒ
123;Left curly bracket;{;%7B;{;Ì¶{Ì¶;Ì²{Ì²;Ì·{Ì·;{;{;{;{;{;{;{;{;{;{
124;Vertical line/Vertical bar;|;%7C;|;Ì¶|Ì¶;Ì²|Ì²;Ì·|Ì·;|;|;|;|;|;|;|;|;|;|
125;Right curly bracket;};%7D;};Ì¶}Ì¶;Ì²}Ì²;Ì·}Ì·;};};};};};};};};};}
126;Tilde;~;%7E;~;Ì¶~Ì¶;Ì²~Ì²;Ì·~Ì·;~;~;~;~;~;~;~;~;~;~
128;;â‚¬;%80;"&euro;";Ì¶â‚¬Ì¶;Ì²â‚¬Ì²;Ì·â‚¬Ì·;â‚¬;â‚¬;â‚¬;â‚¬;â‚¬;â‚¬;â‚¬;â‚¬;â‚¬;â‚¬
129;;Â;%81;"&#x81;";Ì¶ÂÌ¶;Ì²ÂÌ²;Ì·ÂÌ·;Â;Â;Â;Â;Â;Â;Â;Â;Â;Â
130;;â€š;%E2%80%9A;"&sbquo;";Ì¶â€šÌ¶;Ì²â€šÌ²;Ì·â€šÌ·;â€š;â€š;â€š;â€š;â€š;â€š;â€š;â€š;â€š;â€š
131;;Æ’;%C6%92;"&fnof;";Ì¶Æ’Ì¶;Ì²Æ’Ì²;Ì·Æ’Ì·;Æ’;Æ’;Æ’;Æ’;Æ’;Æ’;Æ’;Æ’;Æ’;Æ’
132;;â€;%E2%80%9E;"&bdquo;";Ì¶â€Ì¶;Ì²â€Ì²;Ì·â€Ì·;â€;â€;â€;â€;â€;â€;â€;â€;â€;â€
133;;â€¦;%E2%80%A6;"&mldr;";Ì¶â€¦Ì¶;Ì²â€¦Ì²;Ì·â€¦Ì·;â€¦;â€¦;â€¦;â€¦;â€¦;â€¦;â€¦;â€¦;â€¦;â€¦
134;;â€ ;%E2%80%A0;"&dagger;";Ì¶â€ Ì¶;Ì²â€ Ì²;Ì·â€ Ì·;â€ ;â€ ;â€ ;â€ ;â€ ;â€ ;â€ ;â€ ;â€ ;â€ 
135;;â€¡;%E2%80%A1;"&dagger;";Ì¶â€¡Ì¶;Ì²â€¡Ì²;Ì·â€¡Ì·;â€¡;â€¡;â€¡;â€¡;â€¡;â€¡;â€¡;â€¡;â€¡;â€¡
136;;Ë†;%CB%86;"&circ;";Ì¶Ë†Ì¶;Ì²Ë†Ì²;Ì·Ë†Ì·;Ë†;Ë†;Ë†;Ë†;Ë†;Ë†;Ë†;Ë†;Ë†;Ë†
137;;â€°;%E2%80%B0;"&permil;";Ì¶â€°Ì¶;Ì²â€°Ì²;Ì·â€°Ì·;â€°;â€°;â€°;â€°;â€°;â€°;â€°;â€°;â€°;â€°
138;;Å ;%C5%A0;"&scaron;";Ì¶Å Ì¶;Ì²Å Ì²;Ì·Å Ì·;ğš‚ÌŒ;ğ—¦ÌŒ;ğ˜šÌŒ;ğ™ÌŒ;Å ;ğ‘†ÌŒ;ğ’ÌŒ;ğ‘ºÌŒ;ğ’®ÌŒ;ğ“¢ÌŒ
139;;â€¹;%E2%80%B9;"&lsaquo;";Ì¶â€¹Ì¶;Ì²â€¹Ì²;Ì·â€¹Ì·;â€¹;â€¹;â€¹;â€¹;â€¹;â€¹;â€¹;â€¹;â€¹;â€¹
140;;Å’;%C5%92;"&oelig;";Ì¶Å’Ì¶;Ì²Å’Ì²;Ì·Å’Ì·;Å’;Å’;Å’;Å’;Å’;Å’;Å’;Å’;Å’;Å’
141;;Â;%C5%8D;"&#x8d;";Ì¶ÂÌ¶;Ì²ÂÌ²;Ì·ÂÌ·;Â;Â;Â;Â;Â;Â;Â;Â;Â;Â
142;;Å½;%C5%BD;"&zcaron;";Ì¶Å½Ì¶;Ì²Å½Ì²;Ì·Å½Ì·;ğš‰ÌŒ;ğ—­ÌŒ;ğ˜¡ÌŒ;ğ™•ÌŒ;Å½;ğ‘ÌŒ;ğ™ÌŒ;ğ’ÌŒ;ğ’µÌŒ;ğ“©ÌŒ
143;;Â;%8F;"&#x8f;";Ì¶ÂÌ¶;Ì²ÂÌ²;Ì·ÂÌ·;Â;Â;Â;Â;Â;Â;Â;Â;Â;Â
144;;Â;%C2%90;"&#x90;";Ì¶ÂÌ¶;Ì²ÂÌ²;Ì·ÂÌ·;Â;Â;Â;Â;Â;Â;Â;Â;Â;Â
145;;â€˜;%E2%80%98;"&lsquo;";Ì¶â€˜Ì¶;Ì²â€˜Ì²;Ì·â€˜Ì·;â€˜;â€˜;â€˜;â€˜;â€˜;â€˜;â€˜;â€˜;â€˜;â€˜
146;;â€™;%E2%80%99;"&rsquo;";Ì¶â€™Ì¶;Ì²â€™Ì²;Ì·â€™Ì·;â€™;â€™;â€™;â€™;â€™;â€™;â€™;â€™;â€™;â€™
147;;â€œ;%E2%80%9C;"&ldquo;";Ì¶â€œÌ¶;Ì²â€œÌ²;Ì·â€œÌ·;â€œ;â€œ;â€œ;â€œ;â€œ;â€œ;â€œ;â€œ;â€œ;â€œ
148;;â€;%E2%80%9D;"&rdquo;";Ì¶â€Ì¶;Ì²â€Ì²;Ì·â€Ì·;â€;â€;â€;â€;â€;â€;â€;â€;â€;â€
149;;â€¢;%E2%80%A2;"&bull;";Ì¶â€¢Ì¶;Ì²â€¢Ì²;Ì·â€¢Ì·;â€¢;â€¢;â€¢;â€¢;â€¢;â€¢;â€¢;â€¢;â€¢;â€¢
150;;â€“;%E2%80%93;"&ndash;";Ì¶â€“Ì¶;Ì²â€“Ì²;Ì·â€“Ì·;â€“;â€“;â€“;â€“;â€“;â€“;â€“;â€“;â€“;â€“
151;;â€”;%E2%80%94;"&mdash;";Ì¶â€”Ì¶;Ì²â€”Ì²;Ì·â€”Ì·;â€”;â€”;â€”;â€”;â€”;â€”;â€”;â€”;â€”;â€”
152;;Ëœ;%CB%9C;"&tilde;";Ì¶ËœÌ¶;Ì²ËœÌ²;Ì·ËœÌ·;Ëœ;Ëœ;Ëœ;Ëœ;Ëœ;Ëœ;Ëœ;Ëœ;Ëœ;Ëœ
153;;â„¢;%E2%84;"&trade;";Ì¶â„¢Ì¶;Ì²â„¢Ì²;Ì·â„¢Ì·;â„¢;â„¢;â„¢;â„¢;â„¢;â„¢;â„¢;â„¢;â„¢;â„¢
154;;Å¡;%C5%A1;"&scaron;";Ì¶Å¡Ì¶;Ì²Å¡Ì²;Ì·Å¡Ì·;ğšœÌŒ;ğ˜€ÌŒ;ğ˜´ÌŒ;ğ™¨ÌŒ;Å¡;ğ‘ ÌŒ;ğ¬ÌŒ;ğ’”ÌŒ;ğ“ˆÌŒ;ğ“¼ÌŒ
155;;â€º;%E2%80;"&rsaquo;";Ì¶â€ºÌ¶;Ì²â€ºÌ²;Ì·â€ºÌ·;â€º;â€º;â€º;â€º;â€º;â€º;â€º;â€º;â€º;â€º
156;;Å“;%C5%93;"&oelig;";Ì¶Å“Ì¶;Ì²Å“Ì²;Ì·Å“Ì·;Å“;Å“;Å“;Å“;Å“;Å“;Å“;Å“;Å“;Å“
157;;Â;%9D;"&#x9d;";Ì¶ÂÌ¶;Ì²ÂÌ²;Ì·ÂÌ·;Â;Â;Â;Â;Â;Â;Â;Â;Â;Â
158;;Å¾;%C5%BE;"&zcaron;";Ì¶Å¾Ì¶;Ì²Å¾Ì²;Ì·Å¾Ì·;ğš£ÌŒ;ğ˜‡ÌŒ;ğ˜»ÌŒ;ğ™¯ÌŒ;Å¾;ğ‘§ÌŒ;ğ³ÌŒ;ğ’›ÌŒ;ğ“ÌŒ;ğ”ƒÌŒ
159;;Å¸;%C5%B8;"&yuml;";Ì¶Å¸Ì¶;Ì²Å¸Ì²;Ì·Å¸Ì·;ğšˆÌˆ;ğ—¬Ìˆ;ğ˜ Ìˆ;ğ™”Ìˆ;Å¸;ğ‘ŒÌˆ;ğ˜Ìˆ;ğ’€Ìˆ;ğ’´Ìˆ;ğ“¨Ìˆ
160;No-break space;;%C2%A0;"&nbsp;";Ì¶;Ì²;Ì·;;;;;;;;;;
161;Inverted exclamation mark;Â¡;%C2%A1;"&iexcl;";Ì¶Â¡Ì¶;Ì²Â¡Ì²;Ì·Â¡Ì·;Â¡;Â¡;Â¡;Â¡;Â¡;Â¡;Â¡;Â¡;Â¡;Â¡
162;Cent sign;Â¢;%C2%A2;"&cent;";Ì¶Â¢Ì¶;Ì²Â¢Ì²;Ì·Â¢Ì·;Â¢;Â¢;Â¢;Â¢;Â¢;Â¢;Â¢;Â¢;Â¢;Â¢
163;Pound sign;Â£;%C2%A3;"&pound;";Ì¶Â£Ì¶;Ì²Â£Ì²;Ì·Â£Ì·;Â£;Â£;Â£;Â£;Â£;Â£;Â£;Â£;Â£;Â£
164;Currency sign;Â¤;%C2%A4;"&curren;";Ì¶Â¤Ì¶;Ì²Â¤Ì²;Ì·Â¤Ì·;Â¤;Â¤;Â¤;Â¤;Â¤;Â¤;Â¤;Â¤;Â¤;Â¤
165;Yen/Yuan sign;Â¥;%C2%A5;"&yen;";Ì¶Â¥Ì¶;Ì²Â¥Ì²;Ì·Â¥Ì·;Â¥;Â¥;Â¥;Â¥;Â¥;Â¥;Â¥;Â¥;Â¥;Â¥
166;Broken bar;Â¦;%C2%A6;"&brvbar;";Ì¶Â¦Ì¶;Ì²Â¦Ì²;Ì·Â¦Ì·;Â¦;Â¦;Â¦;Â¦;Â¦;Â¦;Â¦;Â¦;Â¦;Â¦
167;Section sign;Â§;%C2%A7;"&sect;";Ì¶Â§Ì¶;Ì²Â§Ì²;Ì·Â§Ì·;Â§;Â§;Â§;Â§;Â§;Â§;Â§;Â§;Â§;Â§
168;Diaeresis;Â¨;%C2%A8;"&die;";Ì¶Â¨Ì¶;Ì²Â¨Ì²;Ì·Â¨Ì·;Â¨;Â¨;Â¨;Â¨;Â¨;Â¨;Â¨;Â¨;Â¨;Â¨
169;Copyright sign;Â©;%C2%A9;"&copy;";Ì¶Â©Ì¶;Ì²Â©Ì²;Ì·Â©Ì·;Â©;Â©;Â©;Â©;Â©;Â©;Â©;Â©;Â©;Â©
170;Feminine ordinal indicator;Âª;%C2%AA;"&ordf;";Ì¶ÂªÌ¶;Ì²ÂªÌ²;Ì·ÂªÌ·;Âª;Âª;Âª;Âª;Âª;Âª;Âª;Âª;Âª;Âª
171;Left-pointing double angle quotation mark;Â«;%C2%AB;"&laquo;";Ì¶Â«Ì¶;Ì²Â«Ì²;Ì·Â«Ì·;Â«;Â«;Â«;Â«;Â«;Â«;Â«;Â«;Â«;Â«
172;Not sign;Â¬;%C2%AC;"&not;";Ì¶Â¬Ì¶;Ì²Â¬Ì²;Ì·Â¬Ì·;Â¬;Â¬;Â¬;Â¬;Â¬;Â¬;Â¬;Â¬;Â¬;Â¬
173;Soft hyphen;Â­;%C2%AD;"&shy;";Ì¶Â­Ì¶;Ì²Â­Ì²;Ì·Â­Ì·;Â­;Â­;Â­;Â­;Â­;Â­;Â­;Â­;Â­;Â­
174;Registered trademark sign;Â®;%C2%AE;"&reg;";Ì¶Â®Ì¶;Ì²Â®Ì²;Ì·Â®Ì·;Â®;Â®;Â®;Â®;Â®;Â®;Â®;Â®;Â®;Â®
175;Macron;Â¯;%C2%AF;"&macr;";Ì¶Â¯Ì¶;Ì²Â¯Ì²;Ì·Â¯Ì·;Â¯;Â¯;Â¯;Â¯;Â¯;Â¯;Â¯;Â¯;Â¯;Â¯
176;Degree sign;Â°;%C2%B0;"&deg;";Ì¶Â°Ì¶;Ì²Â°Ì²;Ì·Â°Ì·;Â°;Â°;Â°;Â°;Â°;Â°;Â°;Â°;Â°;Â°
177;Plus-minus sign;Â±;%C2%B1;"&pm;";Ì¶Â±Ì¶;Ì²Â±Ì²;Ì·Â±Ì·;Â±;Â±;Â±;Â±;Â±;Â±;Â±;Â±;Â±;Â±
178;Superscript two;Â²;%C2%B2;"&sup2;";Ì¶Â²Ì¶;Ì²Â²Ì²;Ì·Â²Ì·;Â²;Â²;Â²;Â²;Â²;Â²;Â²;Â²;Â²;Â²
179;Superscript three;Â³;%C2%B3;"&sup3;";Ì¶Â³Ì¶;Ì²Â³Ì²;Ì·Â³Ì·;Â³;Â³;Â³;Â³;Â³;Â³;Â³;Â³;Â³;Â³
180;Acute accent;Â´;%C2%B4;"&acute;";Ì¶Â´Ì¶;Ì²Â´Ì²;Ì·Â´Ì·;Â´;Â´;Â´;Â´;Â´;Â´;Â´;Â´;Â´;Â´
181;Micro sign (mu);Âµ;%C2%B5;"&micro;";Ì¶ÂµÌ¶;Ì²ÂµÌ²;Ì·ÂµÌ·;Âµ;Âµ;Âµ;Âµ;Âµ;Âµ;Âµ;Âµ;Âµ;Âµ
182;Pilcrow sign;Â¶;%C2%B6;"&para;";Ì¶Â¶Ì¶;Ì²Â¶Ì²;Ì·Â¶Ì·;Â¶;Â¶;Â¶;Â¶;Â¶;Â¶;Â¶;Â¶;Â¶;Â¶
183;Middle dot;Â·;%C2%B7;"&middot;";Ì¶Â·Ì¶;Ì²Â·Ì²;Ì·Â·Ì·;Â·;Â·;Â·;Â·;Â·;Â·;Â·;Â·;Â·;Â·
184;Cedilla;Â¸;%C2%B8;"&cedil;";Ì¶Â¸Ì¶;Ì²Â¸Ì²;Ì·Â¸Ì·;Â¸;Â¸;Â¸;Â¸;Â¸;Â¸;Â¸;Â¸;Â¸;Â¸
185;Superscript one;Â¹;%C2%B9;"&sup1;";Ì¶Â¹Ì¶;Ì²Â¹Ì²;Ì·Â¹Ì·;Â¹;Â¹;Â¹;Â¹;Â¹;Â¹;Â¹;Â¹;Â¹;Â¹
186;Masculine ordinal indicator;Âº;%C2%BA;"&ordm;";Ì¶ÂºÌ¶;Ì²ÂºÌ²;Ì·ÂºÌ·;Âº;Âº;Âº;Âº;Âº;Âº;Âº;Âº;Âº;Âº
187;Right-pointing double angle quotation mark;Â»;%C2%BB;"&raquo;";Ì¶Â»Ì¶;Ì²Â»Ì²;Ì·Â»Ì·;Â»;Â»;Â»;Â»;Â»;Â»;Â»;Â»;Â»;Â»
188;Vulgar fraction one quarter;Â¼;%C2%BC;"&frac14;";Ì¶Â¼Ì¶;Ì²Â¼Ì²;Ì·Â¼Ì·;Â¼;Â¼;Â¼;Â¼;Â¼;Â¼;Â¼;Â¼;Â¼;Â¼
189;Vulgar fraction one half;Â½;%C2%BD;"&half;";Ì¶Â½Ì¶;Ì²Â½Ì²;Ì·Â½Ì·;Â½;Â½;Â½;Â½;Â½;Â½;Â½;Â½;Â½;Â½
190;Vulgar fraction three quarters;Â¾;%C2%BE;"&frac34;";Ì¶Â¾Ì¶;Ì²Â¾Ì²;Ì·Â¾Ì·;Â¾;Â¾;Â¾;Â¾;Â¾;Â¾;Â¾;Â¾;Â¾;Â¾
191;Inverted question mark;Â¿;%C2%BF;"&iquest;";Ì¶Â¿Ì¶;Ì²Â¿Ì²;Ì·Â¿Ì·;Â¿;Â¿;Â¿;Â¿;Â¿;Â¿;Â¿;Â¿;Â¿;Â¿
192;Latin capital letter A with grave;Ã€;%C3%80;"&agrave;";Ì¶Ã€Ì¶;Ì²Ã€Ì²;Ì·Ã€Ì·;ğ™°Ì€;ğ—”Ì€;ğ˜ˆÌ€;ğ˜¼Ì€;Ã€;ğ´Ì€;ğ€Ì€;ğ‘¨Ì€;ğ’œÌ€;ğ“Ì€
193;Latin capital letter A with acute;Ã;%C3%81;"&aacute;";Ì¶ÃÌ¶;Ì²ÃÌ²;Ì·ÃÌ·;ğ™°Ì;ğ—”Ì;ğ˜ˆÌ;ğ˜¼Ì;Ã;ğ´Ì;ğ€Ì;ğ‘¨Ì;ğ’œÌ;ğ“Ì
194;Latin capital letter A with circumflex;Ã‚;%C3%82;"&acirc;";Ì¶Ã‚Ì¶;Ì²Ã‚Ì²;Ì·Ã‚Ì·;ğ™°Ì‚;ğ—”Ì‚;ğ˜ˆÌ‚;ğ˜¼Ì‚;Ã‚;ğ´Ì‚;ğ€Ì‚;ğ‘¨Ì‚;ğ’œÌ‚;ğ“Ì‚
195;Latin capital letter A with tilde;Ãƒ;%C3%83;"&atilde;";Ì¶ÃƒÌ¶;Ì²ÃƒÌ²;Ì·ÃƒÌ·;ğ™°Ìƒ;ğ—”Ìƒ;ğ˜ˆÌƒ;ğ˜¼Ìƒ;Ãƒ;ğ´Ìƒ;ğ€Ìƒ;ğ‘¨Ìƒ;ğ’œÌƒ;ğ“Ìƒ
196;Latin capital letter A with diaeresis;Ã„;%C3%84;"&auml;";Ì¶Ã„Ì¶;Ì²Ã„Ì²;Ì·Ã„Ì·;ğ™°Ìˆ;ğ—”Ìˆ;ğ˜ˆÌˆ;ğ˜¼Ìˆ;Ã„;ğ´Ìˆ;ğ€Ìˆ;ğ‘¨Ìˆ;ğ’œÌˆ;ğ“Ìˆ
197;Latin capital letter A with ring above;Ã…;%C3%85;"&angst;";Ì¶Ã…Ì¶;Ì²Ã…Ì²;Ì·Ã…Ì·;ğ™°ÌŠ;ğ—”ÌŠ;ğ˜ˆÌŠ;ğ˜¼ÌŠ;Ã…;ğ´ÌŠ;ğ€ÌŠ;ğ‘¨ÌŠ;ğ’œÌŠ;ğ“ÌŠ
198;Latin capital letter AE;Ã†;%C3%86;"&aelig;";Ì¶Ã†Ì¶;Ì²Ã†Ì²;Ì·Ã†Ì·;Ã†;Ã†;Ã†;Ã†;Ã†;Ã†;Ã†;Ã†;Ã†;Ã†
199;Latin capital letter C with cedilla;Ã‡;%C3%87;"&ccedil;";Ì¶Ã‡Ì¶;Ì²Ã‡Ì²;Ì·Ã‡Ì·;ğ™²Ì§;ğ—–Ì§;ğ˜ŠÌ§;ğ˜¾Ì§;Ã‡;ğ¶Ì§;ğ‚Ì§;ğ‘ªÌ§;ğ’Ì§;ğ“’Ì§
200;Latin capital letter E with grave;Ãˆ;%C3%88;"&egrave;";Ì¶ÃˆÌ¶;Ì²ÃˆÌ²;Ì·ÃˆÌ·;ğ™´Ì€;ğ—˜Ì€;ğ˜ŒÌ€;ğ™€Ì€;Ãˆ;ğ¸Ì€;ğ„Ì€;ğ‘¬Ì€;â„°Ì€;ğ“”Ì€
201;Latin capital letter E with acute;Ã‰;%C3%89;"&eacute;";Ì¶Ã‰Ì¶;Ì²Ã‰Ì²;Ì·Ã‰Ì·;ğ™´Ì;ğ—˜Ì;ğ˜ŒÌ;ğ™€Ì;Ã‰;ğ¸Ì;ğ„Ì;ğ‘¬Ì;â„°Ì;ğ“”Ì
202;Latin capital letter E with circumflex;ÃŠ;%C3%8A;"&ecirc;";Ì¶ÃŠÌ¶;Ì²ÃŠÌ²;Ì·ÃŠÌ·;ğ™´Ì‚;ğ—˜Ì‚;ğ˜ŒÌ‚;ğ™€Ì‚;ÃŠ;ğ¸Ì‚;ğ„Ì‚;ğ‘¬Ì‚;â„°Ì‚;ğ“”Ì‚
203;Latin capital letter E with diaeresis;Ã‹;%C3%8B;"&euml;";Ì¶Ã‹Ì¶;Ì²Ã‹Ì²;Ì·Ã‹Ì·;ğ™´Ìˆ;ğ—˜Ìˆ;ğ˜ŒÌˆ;ğ™€Ìˆ;Ã‹;ğ¸Ìˆ;ğ„Ìˆ;ğ‘¬Ìˆ;â„°Ìˆ;ğ“”Ìˆ
204;Latin capital letter I with grave;ÃŒ;%C3%8C;"&igrave;";Ì¶ÃŒÌ¶;Ì²ÃŒÌ²;Ì·ÃŒÌ·;ğ™¸Ì€;ğ—œÌ€;ğ˜Ì€;ğ™„Ì€;ÃŒ;ğ¼Ì€;ğˆÌ€;ğ‘°Ì€;â„Ì€;ğ“˜Ì€
205;Latin capital letter I with acute;Ã;%C3%8D;"&iacute;";Ì¶ÃÌ¶;Ì²ÃÌ²;Ì·ÃÌ·;ğ™¸Ì;ğ—œÌ;ğ˜Ì;ğ™„Ì;Ã;ğ¼Ì;ğˆÌ;ğ‘°Ì;â„Ì;ğ“˜Ì
206;Latin capital letter I with circumflex;Ã;%C3%8E;"&icirc;";Ì¶ÃÌ¶;Ì²ÃÌ²;Ì·ÃÌ·;ğ™¸Ì‚;ğ—œÌ‚;ğ˜Ì‚;ğ™„Ì‚;Ã;ğ¼Ì‚;ğˆÌ‚;ğ‘°Ì‚;â„Ì‚;ğ“˜Ì‚
207;Latin capital letter I with diaeresis;Ã;%C3%8F;"&iuml;";Ì¶ÃÌ¶;Ì²ÃÌ²;Ì·ÃÌ·;ğ™¸Ìˆ;ğ—œÌˆ;ğ˜Ìˆ;ğ™„Ìˆ;Ã;ğ¼Ìˆ;ğˆÌˆ;ğ‘°Ìˆ;â„Ìˆ;ğ“˜Ìˆ
208;Latin capital letter ETH;Ã;%C3%90;"&eth;";Ì¶ÃÌ¶;Ì²ÃÌ²;Ì·ÃÌ·;Ã;Ã;Ã;Ã;Ã;Ã;Ã;Ã;Ã;Ã
209;Latin capital letter N with tilde;Ã‘;%C3%91;"&ntilde;";Ì¶Ã‘Ì¶;Ì²Ã‘Ì²;Ì·Ã‘Ì·;ğ™½Ìƒ;ğ—¡Ìƒ;ğ˜•Ìƒ;ğ™‰Ìƒ;Ã‘;ğ‘Ìƒ;ğÌƒ;ğ‘µÌƒ;ğ’©Ìƒ;ğ“Ìƒ
210;Latin capital letter O with grave;Ã’;%C3%92;"&ograve;";Ì¶Ã’Ì¶;Ì²Ã’Ì²;Ì·Ã’Ì·;ğ™¾Ì€;ğ—¢Ì€;ğ˜–Ì€;ğ™ŠÌ€;Ã’;ğ‘‚Ì€;ğÌ€;ğ‘¶Ì€;ğ’ªÌ€;ğ“Ì€
211;Latin capital letter O with acute;Ã“;%C3%93;"&oacute;";Ì¶Ã“Ì¶;Ì²Ã“Ì²;Ì·Ã“Ì·;ğ™¾Ì;ğ—¢Ì;ğ˜–Ì;ğ™ŠÌ;Ã“;ğ‘‚Ì;ğÌ;ğ‘¶Ì;ğ’ªÌ;ğ“Ì
212;Latin capital letter O with circumflex;Ã”;%C3%94;"&ocirc;";Ì¶Ã”Ì¶;Ì²Ã”Ì²;Ì·Ã”Ì·;ğ™¾Ì‚;ğ—¢Ì‚;ğ˜–Ì‚;ğ™ŠÌ‚;Ã”;ğ‘‚Ì‚;ğÌ‚;ğ‘¶Ì‚;ğ’ªÌ‚;ğ“Ì‚
213;Latin capital letter O with tilde;Ã•;%C3%95;"&otilde;";Ì¶Ã•Ì¶;Ì²Ã•Ì²;Ì·Ã•Ì·;ğ™¾Ìƒ;ğ—¢Ìƒ;ğ˜–Ìƒ;ğ™ŠÌƒ;Ã•;ğ‘‚Ìƒ;ğÌƒ;ğ‘¶Ìƒ;ğ’ªÌƒ;ğ“Ìƒ
214;Latin capital letter O with diaeresis;Ã–;%C3%96;"&ouml;";Ì¶Ã–Ì¶;Ì²Ã–Ì²;Ì·Ã–Ì·;ğ™¾Ìˆ;ğ—¢Ìˆ;ğ˜–Ìˆ;ğ™ŠÌˆ;Ã–;ğ‘‚Ìˆ;ğÌˆ;ğ‘¶Ìˆ;ğ’ªÌˆ;ğ“Ìˆ
215;Multiplication sign;Ã—;%C3%97;"&times;";Ì¶Ã—Ì¶;Ì²Ã—Ì²;Ì·Ã—Ì·;Ã—;Ã—;Ã—;Ã—;Ã—;Ã—;Ã—;Ã—;Ã—;Ã—
216;Latin capital letter O with stroke;Ã˜;%C3%98;"&oslash;";Ì¶Ã˜Ì¶;Ì²Ã˜Ì²;Ì·Ã˜Ì·;Ã˜;Ã˜;Ã˜;Ã˜;Ã˜;Ã˜;Ã˜;Ã˜;Ã˜;Ã˜
217;Latin capital letter U with grave;Ã™;%C3%99;"&ugrave;";Ì¶Ã™Ì¶;Ì²Ã™Ì²;Ì·Ã™Ì·;ğš„Ì€;ğ—¨Ì€;ğ˜œÌ€;ğ™Ì€;Ã™;ğ‘ˆÌ€;ğ”Ì€;ğ‘¼Ì€;ğ’°Ì€;ğ“¤Ì€
218;Latin capital letter U with acute;Ãš;%C3%9A;"&uacute;";Ì¶ÃšÌ¶;Ì²ÃšÌ²;Ì·ÃšÌ·;ğš„Ì;ğ—¨Ì;ğ˜œÌ;ğ™Ì;Ãš;ğ‘ˆÌ;ğ”Ì;ğ‘¼Ì;ğ’°Ì;ğ“¤Ì
219;Latin capital letter U with circumflex;Ã›;%C3%9B;"&ucirc;";Ì¶Ã›Ì¶;Ì²Ã›Ì²;Ì·Ã›Ì·;ğš„Ì‚;ğ—¨Ì‚;ğ˜œÌ‚;ğ™Ì‚;Ã›;ğ‘ˆÌ‚;ğ”Ì‚;ğ‘¼Ì‚;ğ’°Ì‚;ğ“¤Ì‚
220;Latin capital letter U with diaeresis;Ãœ;%C3%9C;"&uuml;";Ì¶ÃœÌ¶;Ì²ÃœÌ²;Ì·ÃœÌ·;ğš„Ìˆ;ğ—¨Ìˆ;ğ˜œÌˆ;ğ™Ìˆ;Ãœ;ğ‘ˆÌˆ;ğ”Ìˆ;ğ‘¼Ìˆ;ğ’°Ìˆ;ğ“¤Ìˆ
221;Latin capital letter Y with acute;Ã;%C3%9D;"&yacute;";Ì¶ÃÌ¶;Ì²ÃÌ²;Ì·ÃÌ·;ğšˆÌ;ğ—¬Ì;ğ˜ Ì;ğ™”Ì;Ã;ğ‘ŒÌ;ğ˜Ì;ğ’€Ì;ğ’´Ì;ğ“¨Ì
222;Latin capital letter THORN;Ã;%C3%9E;"&thorn;";Ì¶ÃÌ¶;Ì²ÃÌ²;Ì·ÃÌ·;Ã;Ã;Ã;Ã;Ã;Ã;Ã;Ã;Ã;Ã
223;Latin small letter sharp s;ÃŸ;%C3%9F;"&szlig;";Ì¶ÃŸÌ¶;Ì²ÃŸÌ²;Ì·ÃŸÌ·;ÃŸ;ÃŸ;ÃŸ;ÃŸ;ÃŸ;ÃŸ;ÃŸ;ÃŸ;ÃŸ;ÃŸ
224;Latin small letter a with grave;Ã ;%C3%A0;"&agrave;";Ì¶Ã Ì¶;Ì²Ã Ì²;Ì·Ã Ì·;ğšŠÌ€;ğ—®Ì€;ğ˜¢Ì€;ğ™–Ì€;Ã ;ğ‘Ì€;ğšÌ€;ğ’‚Ì€;ğ’¶Ì€;ğ“ªÌ€
225;Latin small letter a with acute;Ã¡;%C3%A1;"&aacute;";Ì¶Ã¡Ì¶;Ì²Ã¡Ì²;Ì·Ã¡Ì·;ğšŠÌ;ğ—®Ì;ğ˜¢Ì;ğ™–Ì;Ã¡;ğ‘Ì;ğšÌ;ğ’‚Ì;ğ’¶Ì;ğ“ªÌ
226;Latin small letter a with circumflex;Ã¢;%C3%A2;"&acirc;";Ì¶Ã¢Ì¶;Ì²Ã¢Ì²;Ì·Ã¢Ì·;ğšŠÌ‚;ğ—®Ì‚;ğ˜¢Ì‚;ğ™–Ì‚;Ã¢;ğ‘Ì‚;ğšÌ‚;ğ’‚Ì‚;ğ’¶Ì‚;ğ“ªÌ‚
227;Latin small letter a with tilde;Ã£;%C3%A3;"&atilde;";Ì¶Ã£Ì¶;Ì²Ã£Ì²;Ì·Ã£Ì·;ğšŠÌƒ;ğ—®Ìƒ;ğ˜¢Ìƒ;ğ™–Ìƒ;Ã£;ğ‘Ìƒ;ğšÌƒ;ğ’‚Ìƒ;ğ’¶Ìƒ;ğ“ªÌƒ
228;Latin small letter a with diaeresis;Ã¤;%C3%A4;"&auml;";Ì¶Ã¤Ì¶;Ì²Ã¤Ì²;Ì·Ã¤Ì·;ğšŠÌˆ;ğ—®Ìˆ;ğ˜¢Ìˆ;ğ™–Ìˆ;Ã¤;ğ‘Ìˆ;ğšÌˆ;ğ’‚Ìˆ;ğ’¶Ìˆ;ğ“ªÌˆ
229;Latin small letter a with ring above;Ã¥;%C3%A5;"&aring;";Ì¶Ã¥Ì¶;Ì²Ã¥Ì²;Ì·Ã¥Ì·;ğšŠÌŠ;ğ—®ÌŠ;ğ˜¢ÌŠ;ğ™–ÌŠ;Ã¥;ğ‘ÌŠ;ğšÌŠ;ğ’‚ÌŠ;ğ’¶ÌŠ;ğ“ªÌŠ
230;Latin small letter ae;Ã¦;%C3%A6;"&aelig;";Ì¶Ã¦Ì¶;Ì²Ã¦Ì²;Ì·Ã¦Ì·;Ã¦;Ã¦;Ã¦;Ã¦;Ã¦;Ã¦;Ã¦;Ã¦;Ã¦;Ã¦
231;Latin small letter c with cedilla;Ã§;%C3%A7;"&ccedil;";Ì¶Ã§Ì¶;Ì²Ã§Ì²;Ì·Ã§Ì·;ğšŒÌ§;ğ—°Ì§;ğ˜¤Ì§;ğ™˜Ì§;Ã§;ğ‘Ì§;ğœÌ§;ğ’„Ì§;ğ’¸Ì§;ğ“¬Ì§
232;Latin small letter e with grave;Ã¨;%C3%A8;"&egrave;";Ì¶Ã¨Ì¶;Ì²Ã¨Ì²;Ì·Ã¨Ì·;ğšÌ€;ğ—²Ì€;ğ˜¦Ì€;ğ™šÌ€;Ã¨;ğ‘’Ì€;ğÌ€;ğ’†Ì€;â„¯Ì€;ğ“®Ì€
233;Latin small letter e with acute;Ã©;%C3%A9;"&eacute;";Ì¶Ã©Ì¶;Ì²Ã©Ì²;Ì·Ã©Ì·;ğšÌ;ğ—²Ì;ğ˜¦Ì;ğ™šÌ;Ã©;ğ‘’Ì;ğÌ;ğ’†Ì;â„¯Ì;ğ“®Ì
234;Latin small letter e with circumflex;Ãª;%C3%AA;"&ecirc;";Ì¶ÃªÌ¶;Ì²ÃªÌ²;Ì·ÃªÌ·;ğšÌ‚;ğ—²Ì‚;ğ˜¦Ì‚;ğ™šÌ‚;Ãª;ğ‘’Ì‚;ğÌ‚;ğ’†Ì‚;â„¯Ì‚;ğ“®Ì‚
235;Latin small letter e with diaeresis;Ã«;%C3%AB;"&euml;";Ì¶Ã«Ì¶;Ì²Ã«Ì²;Ì·Ã«Ì·;ğšÌˆ;ğ—²Ìˆ;ğ˜¦Ìˆ;ğ™šÌˆ;Ã«;ğ‘’Ìˆ;ğÌˆ;ğ’†Ìˆ;â„¯Ìˆ;ğ“®Ìˆ
236;Latin small letter i with grave;Ã¬;%C3%AC;"&igrave;";Ì¶Ã¬Ì¶;Ì²Ã¬Ì²;Ì·Ã¬Ì·;ğš’Ì€;ğ—¶Ì€;ğ˜ªÌ€;ğ™Ì€;Ã¬;ğ‘–Ì€;ğ¢Ì€;ğ’ŠÌ€;ğ’¾Ì€;ğ“²Ì€
237;Latin small letter i with acute;Ã­;%C3%AD;"&iacute;";Ì¶Ã­Ì¶;Ì²Ã­Ì²;Ì·Ã­Ì·;ğš’Ì;ğ—¶Ì;ğ˜ªÌ;ğ™Ì;Ã­;ğ‘–Ì;ğ¢Ì;ğ’ŠÌ;ğ’¾Ì;ğ“²Ì
238;Latin small letter i with circumflex;Ã®;%C3%AE;"&icirc;";Ì¶Ã®Ì¶;Ì²Ã®Ì²;Ì·Ã®Ì·;ğš’Ì‚;ğ—¶Ì‚;ğ˜ªÌ‚;ğ™Ì‚;Ã®;ğ‘–Ì‚;ğ¢Ì‚;ğ’ŠÌ‚;ğ’¾Ì‚;ğ“²Ì‚
239;Latin small letter i with diaeresis;Ã¯;%C3%AF;"&iuml;";Ì¶Ã¯Ì¶;Ì²Ã¯Ì²;Ì·Ã¯Ì·;ğš’Ìˆ;ğ—¶Ìˆ;ğ˜ªÌˆ;ğ™Ìˆ;Ã¯;ğ‘–Ìˆ;ğ¢Ìˆ;ğ’ŠÌˆ;ğ’¾Ìˆ;ğ“²Ìˆ
240;Latin small letter eth;Ã°;%C3%B0;"&eth;";Ì¶Ã°Ì¶;Ì²Ã°Ì²;Ì·Ã°Ì·;Ã°;Ã°;Ã°;Ã°;Ã°;Ã°;Ã°;Ã°;Ã°;Ã°
241;Latin small letter n with tilde;Ã±;%C3%B1;"&ntilde;";Ì¶Ã±Ì¶;Ì²Ã±Ì²;Ì·Ã±Ì·;ğš—Ìƒ;ğ—»Ìƒ;ğ˜¯Ìƒ;ğ™£Ìƒ;Ã±;ğ‘›Ìƒ;ğ§Ìƒ;ğ’Ìƒ;ğ“ƒÌƒ;ğ“·Ìƒ
242;Latin small letter o with grave;Ã²;%C3%B2;"&ograve;";Ì¶Ã²Ì¶;Ì²Ã²Ì²;Ì·Ã²Ì·;ğš˜Ì€;ğ—¼Ì€;ğ˜°Ì€;ğ™¤Ì€;Ã²;ğ‘œÌ€;ğ¨Ì€;ğ’Ì€;â„´Ì€;ğ“¸Ì€
243;Latin small letter o with acute;Ã³;%C3%B3;"&oacute;";Ì¶Ã³Ì¶;Ì²Ã³Ì²;Ì·Ã³Ì·;ğš˜Ì;ğ—¼Ì;ğ˜°Ì;ğ™¤Ì;Ã³;ğ‘œÌ;ğ¨Ì;ğ’Ì;â„´Ì;ğ“¸Ì
244;Latin small letter o with circumflex;Ã´;%C3%B4;"&ocirc;";Ì¶Ã´Ì¶;Ì²Ã´Ì²;Ì·Ã´Ì·;ğš˜Ì‚;ğ—¼Ì‚;ğ˜°Ì‚;ğ™¤Ì‚;Ã´;ğ‘œÌ‚;ğ¨Ì‚;ğ’Ì‚;â„´Ì‚;ğ“¸Ì‚
245;Latin small letter o with tilde;Ãµ;%C3%B5;"&otilde;";Ì¶ÃµÌ¶;Ì²ÃµÌ²;Ì·ÃµÌ·;ğš˜Ìƒ;ğ—¼Ìƒ;ğ˜°Ìƒ;ğ™¤Ìƒ;Ãµ;ğ‘œÌƒ;ğ¨Ìƒ;ğ’Ìƒ;â„´Ìƒ;ğ“¸Ìƒ
246;Latin small letter o with diaeresis;Ã¶;%C3%B6;"&ouml;";Ì¶Ã¶Ì¶;Ì²Ã¶Ì²;Ì·Ã¶Ì·;ğš˜Ìˆ;ğ—¼Ìˆ;ğ˜°Ìˆ;ğ™¤Ìˆ;Ã¶;ğ‘œÌˆ;ğ¨Ìˆ;ğ’Ìˆ;â„´Ìˆ;ğ“¸Ìˆ
247;Division sign/Obelus;Ã·;%C3%B7;"&div;";Ì¶Ã·Ì¶;Ì²Ã·Ì²;Ì·Ã·Ì·;Ã·;Ã·;Ã·;Ã·;Ã·;Ã·;Ã·;Ã·;Ã·;Ã·
248;Latin small letter o with stroke;Ã¸;%C3%B8;"&oslash;";Ì¶Ã¸Ì¶;Ì²Ã¸Ì²;Ì·Ã¸Ì·;Ã¸;Ã¸;Ã¸;Ã¸;Ã¸;Ã¸;Ã¸;Ã¸;Ã¸;Ã¸
249;Latin small letter u with grave;Ã¹;%C3%B9;"&ugrave;";Ì¶Ã¹Ì¶;Ì²Ã¹Ì²;Ì·Ã¹Ì·;ğšÌ€;ğ˜‚Ì€;ğ˜¶Ì€;ğ™ªÌ€;Ã¹;ğ‘¢Ì€;ğ®Ì€;ğ’–Ì€;ğ“ŠÌ€;ğ“¾Ì€
250;Latin small letter u with acute;Ãº;%C3%BA;"&uacute;";Ì¶ÃºÌ¶;Ì²ÃºÌ²;Ì·ÃºÌ·;ğšÌ;ğ˜‚Ì;ğ˜¶Ì;ğ™ªÌ;Ãº;ğ‘¢Ì;ğ®Ì;ğ’–Ì;ğ“ŠÌ;ğ“¾Ì
251;Latin small letter u with circumflex;Ã»;%C3%BB;"&ucirc;";Ì¶Ã»Ì¶;Ì²Ã»Ì²;Ì·Ã»Ì·;ğšÌ‚;ğ˜‚Ì‚;ğ˜¶Ì‚;ğ™ªÌ‚;Ã»;ğ‘¢Ì‚;ğ®Ì‚;ğ’–Ì‚;ğ“ŠÌ‚;ğ“¾Ì‚
252;Latin small letter u with diaeresis;Ã¼;%C3%BC;"&uuml;";Ì¶Ã¼Ì¶;Ì²Ã¼Ì²;Ì·Ã¼Ì·;ğšÌˆ;ğ˜‚Ìˆ;ğ˜¶Ìˆ;ğ™ªÌˆ;Ã¼;ğ‘¢Ìˆ;ğ®Ìˆ;ğ’–Ìˆ;ğ“ŠÌˆ;ğ“¾Ìˆ
253;Latin small letter y with acute;Ã½;%C3%BD;"&yacute;";Ì¶Ã½Ì¶;Ì²Ã½Ì²;Ì·Ã½Ì·;ğš¢Ì;ğ˜†Ì;ğ˜ºÌ;ğ™®Ì;Ã½;ğ‘¦Ì;ğ²Ì;ğ’šÌ;ğ“Ì;ğ”‚Ì
254;Latin small letter thorn;Ã¾;%C3%BE;"&thorn;";Ì¶Ã¾Ì¶;Ì²Ã¾Ì²;Ì·Ã¾Ì·;Ã¾;Ã¾;Ã¾;Ã¾;Ã¾;Ã¾;Ã¾;Ã¾;Ã¾;Ã¾
255;Latin small letter y with diaeresis;Ã¿;%C3%BF;"&yuml;";Ì¶Ã¿Ì¶;Ì²Ã¿Ì²;Ì·Ã¿Ì·;ğš¢Ìˆ;ğ˜†Ìˆ;ğ˜ºÌˆ;ğ™®Ìˆ;Ã¿;ğ‘¦Ìˆ;ğ²Ìˆ;ğ’šÌˆ;ğ“Ìˆ;ğ”‚